Classification,Year,Period,Period Desc.,Aggregate Level,Is Leaf Code,Trade Flow Code,Trade Flow,Reporter Code,Reporter,Reporter ISO,Partner Code,Partner,Partner ISO,2nd Partner Code,2nd Partner,2nd Partner ISO,Customs Proc. Code,Customs,Mode of Transport Code,Mode of Transport,Commodity Code,Commodity,Qty Unit Code,Qty Unit,Qty,Alt Qty Unit Code,Alt Qty Unit,Alt Qty,Netweight (kg),Gross weight (kg),Trade Value (US$),CIF Trade Value (US$),FOB Trade Value (US$),Flag
H2,2002,2002,2002,2,0,1,Import,156,China,CHN,0,World,WLD,,,,,,,,01,Live animals,1,No Quantity,,,,,,,53414475,,,0
H2,2003,2003,2003,2,0,1,Import,156,China,CHN,0,World,WLD,,,,,,,,01,Live animals,1,No Quantity,,,,,,,117251765,,,0
H2,2004,2004,2004,2,0,1,Import,156,China,CHN,0,World,WLD,,,,,,,,01,Live animals,1,No Quantity,,,,,,,219909404,,,0
H2,2002,2002,2002,2,0,1,Import,156,China,CHN,0,World,WLD,,,,,,,,02,Meat and edible meat offal,1,No Quantity,,,,,,,626935773,,,0
H2,2003,2003,2003,2,0,1,Import,156,China,CHN,0,World,WLD,,,,,,,,02,Meat and edible meat offal,1,No Quantity,,,,,,,757550790,,,0
H2,2004,2004,2004,2,0,1,Import,156,China,CHN,0,World,WLD,,,,,,,,02,Meat and edible meat offal,1,No Quantity,,,,,,,475790452,,,0
H2,2002,2002,2002,2,0,1,Import,156,China,CHN,0,World,WLD,,,,,,,,03,"Fish and crustaceans, molluscs and other aquatic invertebrates",1,No Quantity,,,,,,,1564548574,,,0
H2,2003,2003,2003,2,0,1,Import,156,China,CHN,0,World,WLD,,,,,,,,03,"Fish and crustaceans, molluscs and other aquatic invertebrates",1,No Quantity,,,,,,,1864899027,,,0
H2,2004,2004,2004,2,0,1,Import,156,China,CHN,0,World,WLD,,,,,,,,03,"Fish and crustaceans, molluscs and other aquatic invertebrates",1,No Quantity,,,,,,,2339943801,,,0
H2,2002,2002,2002,2,0,1,Import,156,China,CHN,0,World,WLD,,,,,,,,04,Dairy produce; birds eggs; natural honey;,1,No Quantity,,,,,,,272233119,,,0
H2,2003,2003,2003,2,0,1,Import,156,China,CHN,0,World,WLD,,,,,,,,04,Dairy produce; birds eggs; natural honey;,1,No Quantity,,,,,,,349832350,,,0
H2,2004,2004,2004,2,0,1,Import,156,China,CHN,0,World,WLD,,,,,,,,04,Dairy produce; birds eggs; natural honey;,1,No Quantity,,,,,,,448072100,,,0
H2,2002,2002,2002,2,0,1,Import,156,China,CHN,0,World,WLD,,,,,,,,05,"Products of animal origin, not elsewhere specified",1,No Quantity,,,,,,,191635095,,,0
H2,2003,2003,2003,2,0,1,Import,156,China,CHN,0,World,WLD,,,,,,,,05,"Products of animal origin, not elsewhere specified",1,No Quantity,,,,,,,215634624,,,0
H2,2004,2004,2004,2,0,1,Import,156,China,CHN,0,World,WLD,,,,,,,,05,"Products of animal origin, not elsewhere specified",1,No Quantity,,,,,,,251253264,,,0
H2,2002,2002,2002,2,0,1,Import,156,China,CHN,0,World,WLD,,,,,,,,06,Live trees and other plants;,1,No Quantity,,,,,,,32940464,,,0
H2,2003,2003,2003,2,0,1,Import,156,China,CHN,0,World,WLD,,,,,,,,06,Live trees and other plants;,1,No Quantity,,,,,,,45269004,,,0
H2,2004,2004,2004,2,0,1,Import,156,China,CHN,0,World,WLD,,,,,,,,06,Live trees and other plants;,1,No Quantity,,,,,,,51382698,,,0
H2,2002,2002,2002,2,0,1,Import,156,China,CHN,0,World,WLD,,,,,,,,07,Edible vegetables and certain roots and tubers,1,No Quantity,,,,,,,194194416,,,0
H2,2003,2003,2003,2,0,1,Import,156,China,CHN,0,World,WLD,,,,,,,,07,Edible vegetables and certain roots and tubers,1,No Quantity,,,,,,,241768407,,,0
H2,2004,2004,2004,2,0,1,Import,156,China,CHN,0,World,WLD,,,,,,,,07,Edible vegetables and certain roots and tubers,1,No Quantity,,,,,,,404843329,,,0
H2,2002,2002,2002,2,0,1,Import,156,China,CHN,0,World,WLD,,,,,,,,08,Edible fruit and nuts; peel of citrus fruit or melons,1,No Quantity,,,,,,,378314864,,,0
H2,2003,2003,2003,2,0,1,Import,156,China,CHN,0,World,WLD,,,,,,,,08,Edible fruit and nuts; peel of citrus fruit or melons,1,No Quantity,,,,,,,495966878,,,0
H2,2004,2004,2004,2,0,1,Import,156,China,CHN,0,World,WLD,,,,,,,,08,Edible fruit and nuts; peel of citrus fruit or melons,1,No Quantity,,,,,,,618902572,,,0
H2,2002,2002,2002,2,0,1,Import,156,China,CHN,0,World,WLD,,,,,,,,09,"Coffee, tea, matΦ and spices",1,No Quantity,,,,,,,23132973,,,0
H2,2003,2003,2003,2,0,1,Import,156,China,CHN,0,World,WLD,,,,,,,,09,"Coffee, tea, matΦ and spices",1,No Quantity,,,,,,,27806453,,,0
H2,2004,2004,2004,2,0,1,Import,156,China,CHN,0,World,WLD,,,,,,,,09,"Coffee, tea, matΦ and spices",1,No Quantity,,,,,,,32396499,,,0
H2,2002,2002,2002,2,0,1,Import,156,China,CHN,0,World,WLD,,,,,,,,10,Cereals,1,No Quantity,,,,,,,481758937,,,0
H2,2003,2003,2003,2,0,1,Import,156,China,CHN,0,World,WLD,,,,,,,,10,Cereals,1,No Quantity,,,,,,,444355900,,,0
H2,2004,2004,2004,2,0,1,Import,156,China,CHN,0,World,WLD,,,,,,,,10,Cereals,1,No Quantity,,,,,,,2217235947,,,0
H2,2002,2002,2002,2,0,1,Import,156,China,CHN,0,World,WLD,,,,,,,,11,Products of the milling industry; malt; starches; inulin,1,No Quantity,,,,,,,95236926,,,0
H2,2003,2003,2003,2,0,1,Import,156,China,CHN,0,World,WLD,,,,,,,,11,Products of the milling industry; malt; starches; inulin,1,No Quantity,,,,,,,135643135,,,0
H2,2004,2004,2004,2,0,1,Import,156,China,CHN,0,World,WLD,,,,,,,,11,Products of the milling industry; malt; starches; inulin,1,No Quantity,,,,,,,188701454,,,0
H2,2002,2002,2002,2,0,1,Import,156,China,CHN,0,World,WLD,,,,,,,,12,Oil seeds and oleaginous fruits,1,No Quantity,,,,,,,2777079901,,,0
H2,2003,2003,2003,2,0,1,Import,156,China,CHN,0,World,WLD,,,,,,,,12,Oil seeds and oleaginous fruits,1,No Quantity,,,,,,,5659944394,,,0
H2,2004,2004,2004,2,0,1,Import,156,China,CHN,0,World,WLD,,,,,,,,12,Oil seeds and oleaginous fruits,1,No Quantity,,,,,,,7371414750,,,0
H2,2002,2002,2002,2,0,1,Import,156,China,CHN,0,World,WLD,,,,,,,,13,"Lac; gums, resins and other vegetable saps and extracts",1,No Quantity,,,,,,,36384017,,,0
H2,2003,2003,2003,2,0,1,Import,156,China,CHN,0,World,WLD,,,,,,,,13,"Lac; gums, resins and other vegetable saps and extracts",1,No Quantity,,,,,,,51596890,,,0
H2,2004,2004,2004,2,0,1,Import,156,China,CHN,0,World,WLD,,,,,,,,13,"Lac; gums, resins and other vegetable saps and extracts",1,No Quantity,,,,,,,58563786,,,0
H2,2002,2002,2002,2,0,1,Import,156,China,CHN,0,World,WLD,,,,,,,,14,Vegetable plaiting materials; vegetable products nes,1,No Quantity,,,,,,,44336191,,,0
H2,2003,2003,2003,2,0,1,Import,156,China,CHN,0,World,WLD,,,,,,,,14,Vegetable plaiting materials; vegetable products nes,1,No Quantity,,,,,,,72033391,,,0
H2,2004,2004,2004,2,0,1,Import,156,China,CHN,0,World,WLD,,,,,,,,14,Vegetable plaiting materials; vegetable products nes,1,No Quantity,,,,,,,87876241,,,0
H2,2002,2002,2002,2,0,1,Import,156,China,CHN,0,World,WLD,,,,,,,,15,Animal or vegetable fats and oils,1,No Quantity,,,,,,,1580255464,,,0
H2,2003,2003,2003,2,0,1,Import,156,China,CHN,0,World,WLD,,,,,,,,15,Animal or vegetable fats and oils,1,No Quantity,,,,,,,2924933428,,,0
H2,2004,2004,2004,2,0,1,Import,156,China,CHN,0,World,WLD,,,,,,,,15,Animal or vegetable fats and oils,1,No Quantity,,,,,,,4208544289,,,0
H2,2002,2002,2002,2,0,1,Import,156,China,CHN,0,World,WLD,,,,,,,,16,"Preparations of meat, of fish or of crustaceans",1,No Quantity,,,,,,,19447212,,,0
H2,2003,2003,2003,2,0,1,Import,156,China,CHN,0,World,WLD,,,,,,,,16,"Preparations of meat, of fish or of crustaceans",1,No Quantity,,,,,,,27076752,,,0
H2,2004,2004,2004,2,0,1,Import,156,China,CHN,0,World,WLD,,,,,,,,16,"Preparations of meat, of fish or of crustaceans",1,No Quantity,,,,,,,26228460,,,0
H2,2002,2002,2002,2,0,1,Import,156,China,CHN,0,World,WLD,,,,,,,,17,Sugars and sugar confectionery,1,No Quantity,,,,,,,279695467,,,0
H2,2003,2003,2003,2,0,1,Import,156,China,CHN,0,World,WLD,,,,,,,,17,Sugars and sugar confectionery,1,No Quantity,,,,,,,215805997,,,0
H2,2004,2004,2004,2,0,1,Import,156,China,CHN,0,World,WLD,,,,,,,,17,Sugars and sugar confectionery,1,No Quantity,,,,,,,336177202,,,0
H2,2002,2002,2002,2,0,1,Import,156,China,CHN,0,World,WLD,,,,,,,,18,Cocoa and cocoa preparations,1,No Quantity,,,,,,,79914778,,,0
H2,2003,2003,2003,2,0,1,Import,156,China,CHN,0,World,WLD,,,,,,,,18,Cocoa and cocoa preparations,1,No Quantity,,,,,,,116197613,,,0
H2,2004,2004,2004,2,0,1,Import,156,China,CHN,0,World,WLD,,,,,,,,18,Cocoa and cocoa preparations,1,No Quantity,,,,,,,135660267,,,0
H2,2002,2002,2002,2,0,1,Import,156,China,CHN,0,World,WLD,,,,,,,,19,"Preparations of cereals, flour, starch or milk; bakers' wares",1,No Quantity,,,,,,,148557136,,,0
H2,2003,2003,2003,2,0,1,Import,156,China,CHN,0,World,WLD,,,,,,,,19,"Preparations of cereals, flour, starch or milk; bakers' wares",1,No Quantity,,,,,,,148166627,,,0
H2,2004,2004,2004,2,0,1,Import,156,China,CHN,0,World,WLD,,,,,,,,19,"Preparations of cereals, flour, starch or milk; bakers' wares",1,No Quantity,,,,,,,194939462,,,0
H2,2002,2002,2002,2,0,1,Import,156,China,CHN,0,World,WLD,,,,,,,,20,"Preparations of vegetables, fruit or nuts",1,No Quantity,,,,,,,109693853,,,0
H2,2003,2003,2003,2,0,1,Import,156,China,CHN,0,World,WLD,,,,,,,,20,"Preparations of vegetables, fruit or nuts",1,No Quantity,,,,,,,134481065,,,0
H2,2004,2004,2004,2,0,1,Import,156,China,CHN,0,World,WLD,,,,,,,,20,"Preparations of vegetables, fruit or nuts",1,No Quantity,,,,,,,141984509,,,0
H2,2002,2002,2002,2,0,1,Import,156,China,CHN,0,World,WLD,,,,,,,,21,Miscellaneous edible preparations,1,No Quantity,,,,,,,179262461,,,0
H2,2003,2003,2003,2,0,1,Import,156,China,CHN,0,World,WLD,,,,,,,,21,Miscellaneous edible preparations,1,No Quantity,,,,,,,311965674,,,0
H2,2004,2004,2004,2,0,1,Import,156,China,CHN,0,World,WLD,,,,,,,,21,Miscellaneous edible preparations,1,No Quantity,,,,,,,475218746,,,0
H2,2002,2002,2002,2,0,1,Import,156,China,CHN,0,World,WLD,,,,,,,,22,"Beverages, spirits and vinegar",1,No Quantity,,,,,,,148262673,,,0
H2,2003,2003,2003,2,0,1,Import,156,China,CHN,0,World,WLD,,,,,,,,22,"Beverages, spirits and vinegar",1,No Quantity,,,,,,,186467278,,,0
H2,2004,2004,2004,2,0,1,Import,156,China,CHN,0,World,WLD,,,,,,,,22,"Beverages, spirits and vinegar",1,No Quantity,,,,,,,261071670,,,0
H2,2002,2002,2002,2,0,1,Import,156,China,CHN,0,World,WLD,,,,,,,,23,Residues and waste from the food industries,1,No Quantity,,,,,,,771588342,,,0
H2,2003,2003,2003,2,0,1,Import,156,China,CHN,0,World,WLD,,,,,,,,23,Residues and waste from the food industries,1,No Quantity,,,,,,,659178321,,,0
H2,2004,2004,2004,2,0,1,Import,156,China,CHN,0,World,WLD,,,,,,,,23,Residues and waste from the food industries,1,No Quantity,,,,,,,946478327,,,0
H2,2002,2002,2002,2,0,1,Import,156,China,CHN,0,World,WLD,,,,,,,,24,Tobacco and manufactured tobacco substitutes,1,No Quantity,,,,,,,243037632,,,0
H2,2003,2003,2003,2,0,1,Import,156,China,CHN,0,World,WLD,,,,,,,,24,Tobacco and manufactured tobacco substitutes,1,No Quantity,,,,,,,307375222,,,0
H2,2004,2004,2004,2,0,1,Import,156,China,CHN,0,World,WLD,,,,,,,,24,Tobacco and manufactured tobacco substitutes,1,No Quantity,,,,,,,292009186,,,0
H2,2002,2002,2002,2,0,1,Import,156,China,CHN,0,World,WLD,,,,,,,,25,Salt; sulfur; earths and stone; plastering materials,1,No Quantity,,,,,,,875636619,,,0
H2,2003,2003,2003,2,0,1,Import,156,China,CHN,0,World,WLD,,,,,,,,25,Salt; sulfur; earths and stone; plastering materials,1,No Quantity,,,,,,,1280727725,,,0
H2,2004,2004,2004,2,0,1,Import,156,China,CHN,0,World,WLD,,,,,,,,25,Salt; sulfur; earths and stone; plastering materials,1,No Quantity,,,,,,,1801157411,,,0
H2,2002,2002,2002,2,0,1,Import,156,China,CHN,0,World,WLD,,,,,,,,26,"Ores, slag and ash",1,No Quantity,,,,,,,4280721374,,,0
H2,2003,2003,2003,2,0,1,Import,156,China,CHN,0,World,WLD,,,,,,,,26,"Ores, slag and ash",1,No Quantity,,,,,,,7174904087,,,0
H2,2004,2004,2004,2,0,1,Import,156,China,CHN,0,World,WLD,,,,,,,,26,"Ores, slag and ash",1,No Quantity,,,,,,,17272579688,,,0
H2,2002,2002,2002,2,0,1,Import,156,China,CHN,0,World,WLD,,,,,,,,27,"Mineral fuels, mineral oils and products of their distillation",1,No Quantity,,,,,,,19321334203,,,0
H2,2003,2003,2003,2,0,1,Import,156,China,CHN,0,World,WLD,,,,,,,,27,"Mineral fuels, mineral oils and products of their distillation",1,No Quantity,,,,,,,29247554071,,,0
H2,2004,2004,2004,2,0,1,Import,156,China,CHN,0,World,WLD,,,,,,,,27,"Mineral fuels, mineral oils and products of their distillation",1,No Quantity,,,,,,,48026770635,,,0
H2,2002,2002,2002,2,0,1,Import,156,China,CHN,0,World,WLD,,,,,,,,28,Inorganic chemicals,1,No Quantity,,,,,,,1947554412,,,0
H2,2003,2003,2003,2,0,1,Import,156,China,CHN,0,World,WLD,,,,,,,,28,Inorganic chemicals,1,No Quantity,,,,,,,2728438555,,,0
H2,2004,2004,2004,2,0,1,Import,156,China,CHN,0,World,WLD,,,,,,,,28,Inorganic chemicals,1,No Quantity,,,,,,,3960666292,,,0
H2,2002,2002,2002,2,0,1,Import,156,China,CHN,0,World,WLD,,,,,,,,29,Organic chemicals,1,No Quantity,,,,,,,11156031323,,,0
H2,2003,2003,2003,2,0,1,Import,156,China,CHN,0,World,WLD,,,,,,,,29,Organic chemicals,1,No Quantity,,,,,,,16005815733,,,0
H2,2004,2004,2004,2,0,1,Import,156,China,CHN,0,World,WLD,,,,,,,,29,Organic chemicals,1,No Quantity,,,,,,,23846481078,,,0
H2,2002,2002,2002,2,0,1,Import,156,China,CHN,0,World,WLD,,,,,,,,30,Pharmaceutical products,1,No Quantity,,,,,,,1130288352,,,0
H2,2003,2003,2003,2,0,1,Import,156,China,CHN,0,World,WLD,,,,,,,,30,Pharmaceutical products,1,No Quantity,,,,,,,1391569159,,,0
H2,2004,2004,2004,2,0,1,Import,156,China,CHN,0,World,WLD,,,,,,,,30,Pharmaceutical products,1,No Quantity,,,,,,,1571739774,,,0
H2,2002,2002,2002,2,0,1,Import,156,China,CHN,0,World,WLD,,,,,,,,31,Fertilizers,1,No Quantity,,,,,,,2353471233,,,0
H2,2003,2003,2003,2,0,1,Import,156,China,CHN,0,World,WLD,,,,,,,,31,Fertilizers,1,No Quantity,,,,,,,1763097723,,,0
H2,2004,2004,2004,2,0,1,Import,156,China,CHN,0,World,WLD,,,,,,,,31,Fertilizers,1,No Quantity,,,,,,,2287685058,,,0
H2,2002,2002,2002,2,0,1,Import,156,China,CHN,0,World,WLD,,,,,,,,32,Tanning or dyeing extracts,1,No Quantity,,,,,,,2088165729,,,0
H2,2003,2003,2003,2,0,1,Import,156,China,CHN,0,World,WLD,,,,,,,,32,Tanning or dyeing extracts,1,No Quantity,,,,,,,2582998075,,,0
H2,2004,2004,2004,2,0,1,Import,156,China,CHN,0,World,WLD,,,,,,,,32,Tanning or dyeing extracts,1,No Quantity,,,,,,,2975183011,,,0
H2,2002,2002,2002,2,0,1,Import,156,China,CHN,0,World,WLD,,,,,,,,33,"Essential oils and resinoids; perfumery, cosmetic or toilet preparations",1,No Quantity,,,,,,,201104426,,,0
H2,2003,2003,2003,2,0,1,Import,156,China,CHN,0,World,WLD,,,,,,,,33,"Essential oils and resinoids; perfumery, cosmetic or toilet preparations",1,No Quantity,,,,,,,281250362,,,0
H2,2004,2004,2004,2,0,1,Import,156,China,CHN,0,World,WLD,,,,,,,,33,"Essential oils and resinoids; perfumery, cosmetic or toilet preparations",1,No Quantity,,,,,,,392849193,,,0
H2,2002,2002,2002,2,0,1,Import,156,China,CHN,0,World,WLD,,,,,,,,34,"Soap, organic surface-active agents",1,No Quantity,,,,,,,567875285,,,0
H2,2003,2003,2003,2,0,1,Import,156,China,CHN,0,World,WLD,,,,,,,,34,"Soap, organic surface-active agents",1,No Quantity,,,,,,,758160778,,,0
H2,2004,2004,2004,2,0,1,Import,156,China,CHN,0,World,WLD,,,,,,,,34,"Soap, organic surface-active agents",1,No Quantity,,,,,,,1030621746,,,0
H2,2002,2002,2002,2,0,1,Import,156,China,CHN,0,World,WLD,,,,,,,,35,Albuminoidal substances; modified starches; glues; enzymes,1,No Quantity,,,,,,,504775764,,,0
H2,2003,2003,2003,2,0,1,Import,156,China,CHN,0,World,WLD,,,,,,,,35,Albuminoidal substances; modified starches; glues; enzymes,1,No Quantity,,,,,,,610349312,,,0
H2,2004,2004,2004,2,0,1,Import,156,China,CHN,0,World,WLD,,,,,,,,35,Albuminoidal substances; modified starches; glues; enzymes,1,No Quantity,,,,,,,787927529,,,0
H2,2002,2002,2002,2,0,1,Import,156,China,CHN,0,World,WLD,,,,,,,,36,Explosives; pyrotechnic products; matches,1,No Quantity,,,,,,,2009066,,,0
H2,2003,2003,2003,2,0,1,Import,156,China,CHN,0,World,WLD,,,,,,,,36,Explosives; pyrotechnic products; matches,1,No Quantity,,,,,,,6027683,,,0
H2,2004,2004,2004,2,0,1,Import,156,China,CHN,0,World,WLD,,,,,,,,36,Explosives; pyrotechnic products; matches,1,No Quantity,,,,,,,5184747,,,0
H2,2002,2002,2002,2,0,1,Import,156,China,CHN,0,World,WLD,,,,,,,,37,Photographic or cinematographic goods,1,No Quantity,,,,,,,567843859,,,0
H2,2003,2003,2003,2,0,1,Import,156,China,CHN,0,World,WLD,,,,,,,,37,Photographic or cinematographic goods,1,No Quantity,,,,,,,720477614,,,0
H2,2004,2004,2004,2,0,1,Import,156,China,CHN,0,World,WLD,,,,,,,,37,Photographic or cinematographic goods,1,No Quantity,,,,,,,896124627,,,0
H2,2002,2002,2002,2,0,1,Import,156,China,CHN,0,World,WLD,,,,,,,,38,Miscellaneous chemical products,1,No Quantity,,,,,,,3782629899,,,0
H2,2003,2003,2003,2,0,1,Import,156,China,CHN,0,World,WLD,,,,,,,,38,Miscellaneous chemical products,1,No Quantity,,,,,,,4940639881,,,0
H2,2004,2004,2004,2,0,1,Import,156,China,CHN,0,World,WLD,,,,,,,,38,Miscellaneous chemical products,1,No Quantity,,,,,,,4848008760,,,0
H2,2002,2002,2002,2,0,1,Import,156,China,CHN,0,World,WLD,,,,,,,,39,Plastics and articles thereof,1,No Quantity,,,,,,,17378439764,,,0
H2,2003,2003,2003,2,0,1,Import,156,China,CHN,0,World,WLD,,,,,,,,39,Plastics and articles thereof,1,No Quantity,,,,,,,21030344001,,,0
H2,2004,2004,2004,2,0,1,Import,156,China,CHN,0,World,WLD,,,,,,,,39,Plastics and articles thereof,1,No Quantity,,,,,,,28055531259,,,0
H2,2002,2002,2002,2,0,1,Import,156,China,CHN,0,World,WLD,,,,,,,,40,Rubber and articles thereof,1,No Quantity,,,,,,,2467657907,,,0
H2,2003,2003,2003,2,0,1,Import,156,China,CHN,0,World,WLD,,,,,,,,40,Rubber and articles thereof,1,No Quantity,,,,,,,3715076818,,,0
H2,2004,2004,2004,2,0,1,Import,156,China,CHN,0,World,WLD,,,,,,,,40,Rubber and articles thereof,1,No Quantity,,,,,,,4742206553,,,0
H2,2002,2002,2002,2,0,1,Import,156,China,CHN,0,World,WLD,,,,,,,,41,Raw hides and skins (other than fur skins) and leather,1,No Quantity,,,,,,,3260860225,,,0
H2,2003,2003,2003,2,0,1,Import,156,China,CHN,0,World,WLD,,,,,,,,41,Raw hides and skins (other than fur skins) and leather,1,No Quantity,,,,,,,3765889810,,,0
H2,2004,2004,2004,2,0,1,Import,156,China,CHN,0,World,WLD,,,,,,,,41,Raw hides and skins (other than fur skins) and leather,1,No Quantity,,,,,,,4600532883,,,0
H2,2002,2002,2002,2,0,1,Import,156,China,CHN,0,World,WLD,,,,,,,,42,Articles of leather; saddlery and harness,1,No Quantity,,,,,,,91378960,,,0
H2,2003,2003,2003,2,0,1,Import,156,China,CHN,0,World,WLD,,,,,,,,42,Articles of leather; saddlery and harness,1,No Quantity,,,,,,,127735721,,,0
H2,2004,2004,2004,2,0,1,Import,156,China,CHN,0,World,WLD,,,,,,,,42,Articles of leather; saddlery and harness,1,No Quantity,,,,,,,182598582,,,0
H2,2002,2002,2002,2,0,1,Import,156,China,CHN,0,World,WLD,,,,,,,,43,Fur skins and artificial fur; manufactures thereof,1,No Quantity,,,,,,,185613085,,,0
H2,2003,2003,2003,2,0,1,Import,156,China,CHN,0,World,WLD,,,,,,,,43,Fur skins and artificial fur; manufactures thereof,1,No Quantity,,,,,,,228333704,,,0
H2,2004,2004,2004,2,0,1,Import,156,China,CHN,0,World,WLD,,,,,,,,43,Fur skins and artificial fur; manufactures thereof,1,No Quantity,,,,,,,337089078,,,0
H2,2002,2002,2002,2,0,1,Import,156,China,CHN,0,World,WLD,,,,,,,,44,Wood and articles of wood; wood charcoal,1,No Quantity,,,,,,,4142785746,,,0
H2,2003,2003,2003,2,0,1,Import,156,China,CHN,0,World,WLD,,,,,,,,44,Wood and articles of wood; wood charcoal,1,No Quantity,,,,,,,4642504426,,,0
H2,2004,2004,2004,2,0,1,Import,156,China,CHN,0,World,WLD,,,,,,,,44,Wood and articles of wood; wood charcoal,1,No Quantity,,,,,,,5203967435,,,0
H2,2002,2002,2002,2,0,1,Import,156,China,CHN,0,World,WLD,,,,,,,,45,Cork and articles of cork,1,No Quantity,,,,,,,17797226,,,0
H2,2003,2003,2003,2,0,1,Import,156,China,CHN,0,World,WLD,,,,,,,,45,Cork and articles of cork,1,No Quantity,,,,,,,18727458,,,0
H2,2004,2004,2004,2,0,1,Import,156,China,CHN,0,World,WLD,,,,,,,,45,Cork and articles of cork,1,No Quantity,,,,,,,24732640,,,0
H2,2002,2002,2002,2,0,1,Import,156,China,CHN,0,World,WLD,,,,,,,,46,"Manufactures of straw, of esparto or of other plaiting materials",1,No Quantity,,,,,,,8620269,,,0
H2,2003,2003,2003,2,0,1,Import,156,China,CHN,0,World,WLD,,,,,,,,46,"Manufactures of straw, of esparto or of other plaiting materials",1,No Quantity,,,,,,,5685516,,,0
H2,2004,2004,2004,2,0,1,Import,156,China,CHN,0,World,WLD,,,,,,,,46,"Manufactures of straw, of esparto or of other plaiting materials",1,No Quantity,,,,,,,6382345,,,0
H2,2002,2002,2002,2,0,1,Import,156,China,CHN,0,World,WLD,,,,,,,,47,Pulp of wood or of other fibrous cellulose material,1,No Quantity,,,,,,,2899914134,,,0
H2,2003,2003,2003,2,0,1,Import,156,China,CHN,0,World,WLD,,,,,,,,47,Pulp of wood or of other fibrous cellulose material,1,No Quantity,,,,,,,3891867621,,,0
H2,2004,2004,2004,2,0,1,Import,156,China,CHN,0,World,WLD,,,,,,,,47,Pulp of wood or of other fibrous cellulose material,1,No Quantity,,,,,,,5294713677,,,0
H2,2002,2002,2002,2,0,1,Import,156,China,CHN,0,World,WLD,,,,,,,,48,"Paper and paperboard; articles of paper pulp, of paper or of paperboard",1,No Quantity,,,,,,,4136722953,,,0
H2,2003,2003,2003,2,0,1,Import,156,China,CHN,0,World,WLD,,,,,,,,48,"Paper and paperboard; articles of paper pulp, of paper or of paperboard",1,No Quantity,,,,,,,4393027227,,,0
H2,2004,2004,2004,2,0,1,Import,156,China,CHN,0,World,WLD,,,,,,,,48,"Paper and paperboard; articles of paper pulp, of paper or of paperboard",1,No Quantity,,,,,,,4637510301,,,0
H2,2002,2002,2002,2,0,1,Import,156,China,CHN,0,World,WLD,,,,,,,,49,"Printed books, newspapers, pictures and other products of the printing indu ...",1,No Quantity,,,,,,,337114556,,,0
H2,2003,2003,2003,2,0,1,Import,156,China,CHN,0,World,WLD,,,,,,,,49,"Printed books, newspapers, pictures and other products of the printing indu ...",1,No Quantity,,,,,,,344726011,,,0
H2,2004,2004,2004,2,0,1,Import,156,China,CHN,0,World,WLD,,,,,,,,49,"Printed books, newspapers, pictures and other products of the printing indu ...",1,No Quantity,,,,,,,373696858,,,0
H2,2002,2002,2002,2,0,1,Import,156,China,CHN,0,World,WLD,,,,,,,,50,Silk,1,No Quantity,,,,,,,96117496,,,0
H2,2003,2003,2003,2,0,1,Import,156,China,CHN,0,World,WLD,,,,,,,,50,Silk,1,No Quantity,,,,,,,109974985,,,0
H2,2004,2004,2004,2,0,1,Import,156,China,CHN,0,World,WLD,,,,,,,,50,Silk,1,No Quantity,,,,,,,139598538,,,0
H2,2002,2002,2002,2,0,1,Import,156,China,CHN,0,World,WLD,,,,,,,,51,"Wool, fine or coarse animal hair; horsehair yarn and woven fabric",1,No Quantity,,,,,,,1831268429,,,0
H2,2003,2003,2003,2,0,1,Import,156,China,CHN,0,World,WLD,,,,,,,,51,"Wool, fine or coarse animal hair; horsehair yarn and woven fabric",1,No Quantity,,,,,,,1682854508,,,0
H2,2004,2004,2004,2,0,1,Import,156,China,CHN,0,World,WLD,,,,,,,,51,"Wool, fine or coarse animal hair; horsehair yarn and woven fabric",1,No Quantity,,,,,,,2088763961,,,0
H2,2002,2002,2002,2,0,1,Import,156,China,CHN,0,World,WLD,,,,,,,,52,Cotton,1,No Quantity,,,,,,,3327309737,,,0
H2,2003,2003,2003,2,0,1,Import,156,China,CHN,0,World,WLD,,,,,,,,52,Cotton,1,No Quantity,,,,,,,4649521918,,,0
H2,2004,2004,2004,2,0,1,Import,156,China,CHN,0,World,WLD,,,,,,,,52,Cotton,1,No Quantity,,,,,,,6897904997,,,0
H2,2002,2002,2002,2,0,1,Import,156,China,CHN,0,World,WLD,,,,,,,,53,Other vegetable textile fibers; paper yarn and woven fabric of paper yarn,1,No Quantity,,,,,,,334565918,,,0
H2,2003,2003,2003,2,0,1,Import,156,China,CHN,0,World,WLD,,,,,,,,53,Other vegetable textile fibers; paper yarn and woven fabric of paper yarn,1,No Quantity,,,,,,,434861445,,,0
H2,2004,2004,2004,2,0,1,Import,156,China,CHN,0,World,WLD,,,,,,,,53,Other vegetable textile fibers; paper yarn and woven fabric of paper yarn,1,No Quantity,,,,,,,470770498,,,0
H2,2002,2002,2002,2,0,1,Import,156,China,CHN,0,World,WLD,,,,,,,,54,Man-made filaments,1,No Quantity,,,,,,,3332217194,,,0
H2,2003,2003,2003,2,0,1,Import,156,China,CHN,0,World,WLD,,,,,,,,54,Man-made filaments,1,No Quantity,,,,,,,3603045213,,,0
H2,2004,2004,2004,2,0,1,Import,156,China,CHN,0,World,WLD,,,,,,,,54,Man-made filaments,1,No Quantity,,,,,,,3807660959,,,0
H2,2002,2002,2002,2,0,1,Import,156,China,CHN,0,World,WLD,,,,,,,,55,Man-made staple fibers,1,No Quantity,,,,,,,2995079664,,,0
H2,2003,2003,2003,2,0,1,Import,156,China,CHN,0,World,WLD,,,,,,,,55,Man-made staple fibers,1,No Quantity,,,,,,,3261161908,,,0
H2,2004,2004,2004,2,0,1,Import,156,China,CHN,0,World,WLD,,,,,,,,55,Man-made staple fibers,1,No Quantity,,,,,,,3421496932,,,0
H2,2002,2002,2002,2,0,1,Import,156,China,CHN,0,World,WLD,,,,,,,,56,"Wadding, felt and non-wovens; special yarns, twine, cordage, ropes and cabl ...",1,No Quantity,,,,,,,434151986,,,0
H2,2003,2003,2003,2,0,1,Import,156,China,CHN,0,World,WLD,,,,,,,,56,"Wadding, felt and non-wovens; special yarns, twine, cordage, ropes and cabl ...",1,No Quantity,,,,,,,524624008,,,0
H2,2004,2004,2004,2,0,1,Import,156,China,CHN,0,World,WLD,,,,,,,,56,"Wadding, felt and non-wovens; special yarns, twine, cordage, ropes and cabl ...",1,No Quantity,,,,,,,618740103,,,0
H2,2002,2002,2002,2,0,1,Import,156,China,CHN,0,World,WLD,,,,,,,,57,Carpets and other textile floor coverings,1,No Quantity,,,,,,,35257784,,,0
H2,2003,2003,2003,2,0,1,Import,156,China,CHN,0,World,WLD,,,,,,,,57,Carpets and other textile floor coverings,1,No Quantity,,,,,,,46762788,,,0
H2,2004,2004,2004,2,0,1,Import,156,China,CHN,0,World,WLD,,,,,,,,57,Carpets and other textile floor coverings,1,No Quantity,,,,,,,58704391,,,0
H2,2002,2002,2002,2,0,1,Import,156,China,CHN,0,World,WLD,,,,,,,,58,"Special woven fabrics; tufted textile fabrics; lace, tapestries; trimmings; ...",1,No Quantity,,,,,,,647224380,,,0
H2,2003,2003,2003,2,0,1,Import,156,China,CHN,0,World,WLD,,,,,,,,58,"Special woven fabrics; tufted textile fabrics; lace, tapestries; trimmings; ...",1,No Quantity,,,,,,,707249180,,,0
H2,2004,2004,2004,2,0,1,Import,156,China,CHN,0,World,WLD,,,,,,,,58,"Special woven fabrics; tufted textile fabrics; lace, tapestries; trimmings; ...",1,No Quantity,,,,,,,817877703,,,0
H2,2002,2002,2002,2,0,1,Import,156,China,CHN,0,World,WLD,,,,,,,,59,"Impregnated, coated, covered or laminated textile fabrics",1,No Quantity,,,,,,,1195252341,,,0
H2,2003,2003,2003,2,0,1,Import,156,China,CHN,0,World,WLD,,,,,,,,59,"Impregnated, coated, covered or laminated textile fabrics",1,No Quantity,,,,,,,1225462099,,,0
H2,2004,2004,2004,2,0,1,Import,156,China,CHN,0,World,WLD,,,,,,,,59,"Impregnated, coated, covered or laminated textile fabrics",1,No Quantity,,,,,,,1349827120,,,0
H2,2002,2002,2002,2,0,1,Import,156,China,CHN,0,World,WLD,,,,,,,,60,Knitted or crocheted fabrics,1,No Quantity,,,,,,,1431997355,,,0
H2,2003,2003,2003,2,0,1,Import,156,China,CHN,0,World,WLD,,,,,,,,60,Knitted or crocheted fabrics,1,No Quantity,,,,,,,1640340590,,,0
H2,2004,2004,2004,2,0,1,Import,156,China,CHN,0,World,WLD,,,,,,,,60,Knitted or crocheted fabrics,1,No Quantity,,,,,,,1812011478,,,0
H2,2002,2002,2002,2,0,1,Import,156,China,CHN,0,World,WLD,,,,,,,,61,"Articles of apparel and clothing accessories, knitted or crocheted",1,No Quantity,,,,,,,523262764,,,0
H2,2003,2003,2003,2,0,1,Import,156,China,CHN,0,World,WLD,,,,,,,,61,"Articles of apparel and clothing accessories, knitted or crocheted",1,No Quantity,,,,,,,556562136,,,0
H2,2004,2004,2004,2,0,1,Import,156,China,CHN,0,World,WLD,,,,,,,,61,"Articles of apparel and clothing accessories, knitted or crocheted",1,No Quantity,,,,,,,642248767,,,0
H2,2002,2002,2002,2,0,1,Import,156,China,CHN,0,World,WLD,,,,,,,,62,"Articles of apparel and clothing accessories, not knitted or crocheted",1,No Quantity,,,,,,,765000708,,,0
H2,2003,2003,2003,2,0,1,Import,156,China,CHN,0,World,WLD,,,,,,,,62,"Articles of apparel and clothing accessories, not knitted or crocheted",1,No Quantity,,,,,,,784003557,,,0
H2,2004,2004,2004,2,0,1,Import,156,China,CHN,0,World,WLD,,,,,,,,62,"Articles of apparel and clothing accessories, not knitted or crocheted",1,No Quantity,,,,,,,792598923,,,0
H2,2002,2002,2002,2,0,1,Import,156,China,CHN,0,World,WLD,,,,,,,,63,Other made up textile articles; sets; worn clothing and worn textile articl ...,1,No Quantity,,,,,,,44109799,,,0
H2,2003,2003,2003,2,0,1,Import,156,China,CHN,0,World,WLD,,,,,,,,63,Other made up textile articles; sets; worn clothing and worn textile articl ...,1,No Quantity,,,,,,,65642684,,,0
H2,2004,2004,2004,2,0,1,Import,156,China,CHN,0,World,WLD,,,,,,,,63,Other made up textile articles; sets; worn clothing and worn textile articl ...,1,No Quantity,,,,,,,88338391,,,0
H2,2002,2002,2002,2,0,1,Import,156,China,CHN,0,World,WLD,,,,,,,,64,"Footwear, gaiters and the like; parts of such articles",1,No Quantity,,,,,,,304064850,,,0
H2,2003,2003,2003,2,0,1,Import,156,China,CHN,0,World,WLD,,,,,,,,64,"Footwear, gaiters and the like; parts of such articles",1,No Quantity,,,,,,,373622385,,,0
H2,2004,2004,2004,2,0,1,Import,156,China,CHN,0,World,WLD,,,,,,,,64,"Footwear, gaiters and the like; parts of such articles",1,No Quantity,,,,,,,474836647,,,0
H2,2002,2002,2002,2,0,1,Import,156,China,CHN,0,World,WLD,,,,,,,,65,Headgear and parts thereof,1,No Quantity,,,,,,,6221776,,,0
H2,2003,2003,2003,2,0,1,Import,156,China,CHN,0,World,WLD,,,,,,,,65,Headgear and parts thereof,1,No Quantity,,,,,,,7361734,,,0
H2,2004,2004,2004,2,0,1,Import,156,China,CHN,0,World,WLD,,,,,,,,65,Headgear and parts thereof,1,No Quantity,,,,,,,11077154,,,0
H2,2002,2002,2002,2,0,1,Import,156,China,CHN,0,World,WLD,,,,,,,,66,"Umbrellas, sun umbrellas, walking sticks, seat sticks, whips, riding-crops",1,No Quantity,,,,,,,11197974,,,0
H2,2003,2003,2003,2,0,1,Import,156,China,CHN,0,World,WLD,,,,,,,,66,"Umbrellas, sun umbrellas, walking sticks, seat sticks, whips, riding-crops",1,No Quantity,,,,,,,10954255,,,0
H2,2004,2004,2004,2,0,1,Import,156,China,CHN,0,World,WLD,,,,,,,,66,"Umbrellas, sun umbrellas, walking sticks, seat sticks, whips, riding-crops",1,No Quantity,,,,,,,11202652,,,0
H2,2002,2002,2002,2,0,1,Import,156,China,CHN,0,World,WLD,,,,,,,,67,Prepared feathers and down and articles made of feathers or of down,1,No Quantity,,,,,,,78478492,,,0
H2,2003,2003,2003,2,0,1,Import,156,China,CHN,0,World,WLD,,,,,,,,67,Prepared feathers and down and articles made of feathers or of down,1,No Quantity,,,,,,,95308306,,,0
H2,2004,2004,2004,2,0,1,Import,156,China,CHN,0,World,WLD,,,,,,,,67,Prepared feathers and down and articles made of feathers or of down,1,No Quantity,,,,,,,111050277,,,0
H2,2002,2002,2002,2,0,1,Import,156,China,CHN,0,World,WLD,,,,,,,,68,"Articles of stone, plaster, cement, asbestos, mica or similar materials",1,No Quantity,,,,,,,268867826,,,0
H2,2003,2003,2003,2,0,1,Import,156,China,CHN,0,World,WLD,,,,,,,,68,"Articles of stone, plaster, cement, asbestos, mica or similar materials",1,No Quantity,,,,,,,341511243,,,0
H2,2004,2004,2004,2,0,1,Import,156,China,CHN,0,World,WLD,,,,,,,,68,"Articles of stone, plaster, cement, asbestos, mica or similar materials",1,No Quantity,,,,,,,464499179,,,0
H2,2002,2002,2002,2,0,1,Import,156,China,CHN,0,World,WLD,,,,,,,,69,Ceramic products,1,No Quantity,,,,,,,146719414,,,0
H2,2003,2003,2003,2,0,1,Import,156,China,CHN,0,World,WLD,,,,,,,,69,Ceramic products,1,No Quantity,,,,,,,223502119,,,0
H2,2004,2004,2004,2,0,1,Import,156,China,CHN,0,World,WLD,,,,,,,,69,Ceramic products,1,No Quantity,,,,,,,307720377,,,0
H2,2002,2002,2002,2,0,1,Import,156,China,CHN,0,World,WLD,,,,,,,,70,Glass and glassware,1,No Quantity,,,,,,,1666868342,,,0
H2,2003,2003,2003,2,0,1,Import,156,China,CHN,0,World,WLD,,,,,,,,70,Glass and glassware,1,No Quantity,,,,,,,2063312387,,,0
H2,2004,2004,2004,2,0,1,Import,156,China,CHN,0,World,WLD,,,,,,,,70,Glass and glassware,1,No Quantity,,,,,,,2475372695,,,0
H2,2002,2002,2002,2,0,1,Import,156,China,CHN,0,World,WLD,,,,,,,,71,"Natural or cultured pearls, precious or semi-precious stones",1,No Quantity,,,,,,,1332398196,,,0
H2,2003,2003,2003,2,0,1,Import,156,China,CHN,0,World,WLD,,,,,,,,71,"Natural or cultured pearls, precious or semi-precious stones",1,No Quantity,,,,,,,1847278939,,,0
H2,2004,2004,2004,2,0,1,Import,156,China,CHN,0,World,WLD,,,,,,,,71,"Natural or cultured pearls, precious or semi-precious stones",1,No Quantity,,,,,,,2655035575,,,0
H2,2002,2002,2002,2,0,1,Import,156,China,CHN,0,World,WLD,,,,,,,,72,Iron and steel,1,No Quantity,,,,,,,13240137701,,,0
H2,2003,2003,2003,2,0,1,Import,156,China,CHN,0,World,WLD,,,,,,,,72,Iron and steel,1,No Quantity,,,,,,,22222781236,,,0
H2,2004,2004,2004,2,0,1,Import,156,China,CHN,0,World,WLD,,,,,,,,72,Iron and steel,1,No Quantity,,,,,,,23691391960,,,0
H2,2002,2002,2002,2,0,1,Import,156,China,CHN,0,World,WLD,,,,,,,,73,Articles of iron or steel,1,No Quantity,,,,,,,2771410626,,,0
H2,2003,2003,2003,2,0,1,Import,156,China,CHN,0,World,WLD,,,,,,,,73,Articles of iron or steel,1,No Quantity,,,,,,,3373047736,,,0
H2,2004,2004,2004,2,0,1,Import,156,China,CHN,0,World,WLD,,,,,,,,73,Articles of iron or steel,1,No Quantity,,,,,,,4641312403,,,0
H2,2002,2002,2002,2,0,1,Import,156,China,CHN,0,World,WLD,,,,,,,,74,Copper and articles thereof,1,No Quantity,,,,,,,5667664883,,,0
H2,2003,2003,2003,2,0,1,Import,156,China,CHN,0,World,WLD,,,,,,,,74,Copper and articles thereof,1,No Quantity,,,,,,,7166204878,,,0
H2,2004,2004,2004,2,0,1,Import,156,China,CHN,0,World,WLD,,,,,,,,74,Copper and articles thereof,1,No Quantity,,,,,,,10476487758,,,0
H2,2002,2002,2002,2,0,1,Import,156,China,CHN,0,World,WLD,,,,,,,,75,Nickel and articles thereof,1,No Quantity,,,,,,,426912504,,,0
H2,2003,2003,2003,2,0,1,Import,156,China,CHN,0,World,WLD,,,,,,,,75,Nickel and articles thereof,1,No Quantity,,,,,,,895539131,,,0
H2,2004,2004,2004,2,0,1,Import,156,China,CHN,0,World,WLD,,,,,,,,75,Nickel and articles thereof,1,No Quantity,,,,,,,1323199986,,,0
H2,2002,2002,2002,2,0,1,Import,156,China,CHN,0,World,WLD,,,,,,,,76,Aluminum and articles thereof,1,No Quantity,,,,,,,2441015734,,,0
H2,2003,2003,2003,2,0,1,Import,156,China,CHN,0,World,WLD,,,,,,,,76,Aluminum and articles thereof,1,No Quantity,,,,,,,3354056846,,,0
H2,2004,2004,2004,2,0,1,Import,156,China,CHN,0,World,WLD,,,,,,,,76,Aluminum and articles thereof,1,No Quantity,,,,,,,4930809653,,,0
H2,2002,2002,2002,2,0,1,Import,156,China,CHN,0,World,WLD,,,,,,,,78,Lead and articles thereof,1,No Quantity,,,,,,,37010382,,,0
H2,2003,2003,2003,2,0,1,Import,156,China,CHN,0,World,WLD,,,,,,,,78,Lead and articles thereof,1,No Quantity,,,,,,,48310317,,,0
H2,2004,2004,2004,2,0,1,Import,156,China,CHN,0,World,WLD,,,,,,,,78,Lead and articles thereof,1,No Quantity,,,,,,,91944853,,,0
H2,2002,2002,2002,2,0,1,Import,156,China,CHN,0,World,WLD,,,,,,,,79,Zinc and articles thereof,1,No Quantity,,,,,,,312172469,,,0
H2,2003,2003,2003,2,0,1,Import,156,China,CHN,0,World,WLD,,,,,,,,79,Zinc and articles thereof,1,No Quantity,,,,,,,418188197,,,0
H2,2004,2004,2004,2,0,1,Import,156,China,CHN,0,World,WLD,,,,,,,,79,Zinc and articles thereof,1,No Quantity,,,,,,,653378404,,,0
H2,2002,2002,2002,2,0,1,Import,156,China,CHN,0,World,WLD,,,,,,,,80,Tin and articles thereof,1,No Quantity,,,,,,,111374959,,,0
H2,2003,2003,2003,2,0,1,Import,156,China,CHN,0,World,WLD,,,,,,,,80,Tin and articles thereof,1,No Quantity,,,,,,,134496111,,,0
H2,2004,2004,2004,2,0,1,Import,156,China,CHN,0,World,WLD,,,,,,,,80,Tin and articles thereof,1,No Quantity,,,,,,,255691050,,,0
H2,2002,2002,2002,2,0,1,Import,156,China,CHN,0,World,WLD,,,,,,,,81,Other base metals; cermets; articles thereof,1,No Quantity,,,,,,,197534032,,,0
H2,2003,2003,2003,2,0,1,Import,156,China,CHN,0,World,WLD,,,,,,,,81,Other base metals; cermets; articles thereof,1,No Quantity,,,,,,,242320174,,,0
H2,2004,2004,2004,2,0,1,Import,156,China,CHN,0,World,WLD,,,,,,,,81,Other base metals; cermets; articles thereof,1,No Quantity,,,,,,,420056494,,,0
H2,2002,2002,2002,2,0,1,Import,156,China,CHN,0,World,WLD,,,,,,,,82,"Tools, implements, cutlery, spoons and forks, of base metal",1,No Quantity,,,,,,,631811341,,,0
H2,2003,2003,2003,2,0,1,Import,156,China,CHN,0,World,WLD,,,,,,,,82,"Tools, implements, cutlery, spoons and forks, of base metal",1,No Quantity,,,,,,,952124598,,,0
H2,2004,2004,2004,2,0,1,Import,156,China,CHN,0,World,WLD,,,,,,,,82,"Tools, implements, cutlery, spoons and forks, of base metal",1,No Quantity,,,,,,,1329215071,,,0
H2,2002,2002,2002,2,0,1,Import,156,China,CHN,0,World,WLD,,,,,,,,83,Miscellaneous articles of base metal,1,No Quantity,,,,,,,444274184,,,0
H2,2003,2003,2003,2,0,1,Import,156,China,CHN,0,World,WLD,,,,,,,,83,Miscellaneous articles of base metal,1,No Quantity,,,,,,,576830770,,,0
H2,2004,2004,2004,2,0,1,Import,156,China,CHN,0,World,WLD,,,,,,,,83,Miscellaneous articles of base metal,1,No Quantity,,,,,,,734894144,,,0
H2,2002,2002,2002,2,0,1,Import,156,China,CHN,0,World,WLD,,,,,,,,84,Machinery and mechanical appliances; parts thereof,1,No Quantity,,,,,,,52143473238,,,0
H2,2003,2003,2003,2,0,1,Import,156,China,CHN,0,World,WLD,,,,,,,,84,Machinery and mechanical appliances; parts thereof,1,No Quantity,,,,,,,71490876007,,,0
H2,2004,2004,2004,2,0,1,Import,156,China,CHN,0,World,WLD,,,,,,,,84,Machinery and mechanical appliances; parts thereof,1,No Quantity,,,,,,,91601139736,,,0
H2,2002,2002,2002,2,0,1,Import,156,China,CHN,0,World,WLD,,,,,,,,85,Electrical machinery and equipment and parts thereof; sound recorders and r ...,1,No Quantity,,,,,,,73244911290,,,0
H2,2003,2003,2003,2,0,1,Import,156,China,CHN,0,World,WLD,,,,,,,,85,Electrical machinery and equipment and parts thereof; sound recorders and r ...,1,No Quantity,,,,,,,103918387878,,,0
H2,2004,2004,2004,2,0,1,Import,156,China,CHN,0,World,WLD,,,,,,,,85,Electrical machinery and equipment and parts thereof; sound recorders and r ...,1,No Quantity,,,,,,,142313336906,,,0
H2,2002,2002,2002,2,0,1,Import,156,China,CHN,0,World,WLD,,,,,,,,86,"Railway or tramway locomotives, rolling-stock and parts thereof",1,No Quantity,,,,,,,385994517,,,0
H2,2003,2003,2003,2,0,1,Import,156,China,CHN,0,World,WLD,,,,,,,,86,"Railway or tramway locomotives, rolling-stock and parts thereof",1,No Quantity,,,,,,,447570634,,,0
H2,2004,2004,2004,2,0,1,Import,156,China,CHN,0,World,WLD,,,,,,,,86,"Railway or tramway locomotives, rolling-stock and parts thereof",1,No Quantity,,,,,,,345599006,,,0
H2,2002,2002,2002,2,0,1,Import,156,China,CHN,0,World,WLD,,,,,,,,87,Vehicles other than railway or tramway rolling stock,1,No Quantity,,,,,,,6473906800,,,0
H2,2003,2003,2003,2,0,1,Import,156,China,CHN,0,World,WLD,,,,,,,,87,Vehicles other than railway or tramway rolling stock,1,No Quantity,,,,,,,11786514376,,,0
H2,2004,2004,2004,2,0,1,Import,156,China,CHN,0,World,WLD,,,,,,,,87,Vehicles other than railway or tramway rolling stock,1,No Quantity,,,,,,,13102351753,,,0
H2,2002,2002,2002,2,0,1,Import,156,China,CHN,0,World,WLD,,,,,,,,88,"Aircraft, spacecraft, and parts thereof",1,No Quantity,,,,,,,4051928776,,,0
H2,2003,2003,2003,2,0,1,Import,156,China,CHN,0,World,WLD,,,,,,,,88,"Aircraft, spacecraft, and parts thereof",1,No Quantity,,,,,,,4461317962,,,0
H2,2004,2004,2004,2,0,1,Import,156,China,CHN,0,World,WLD,,,,,,,,88,"Aircraft, spacecraft, and parts thereof",1,No Quantity,,,,,,,4990257099,,,0
H2,2002,2002,2002,2,0,1,Import,156,China,CHN,0,World,WLD,,,,,,,,89,"Ships, boats and floating structures",1,No Quantity,,,,,,,607133413,,,0
H2,2003,2003,2003,2,0,1,Import,156,China,CHN,0,World,WLD,,,,,,,,89,"Ships, boats and floating structures",1,No Quantity,,,,,,,812087385,,,0
H2,2004,2004,2004,2,0,1,Import,156,China,CHN,0,World,WLD,,,,,,,,89,"Ships, boats and floating structures",1,No Quantity,,,,,,,1033425401,,,0
H2,2002,2002,2002,2,0,1,Import,156,China,CHN,0,World,WLD,,,,,,,,90,"Optical, photographic, cinematographic, measuring, checking, precision, med ...",1,No Quantity,,,,,,,13478875621,,,0
H2,2003,2003,2003,2,0,1,Import,156,China,CHN,0,World,WLD,,,,,,,,90,"Optical, photographic, cinematographic, measuring, checking, precision, med ...",1,No Quantity,,,,,,,25134198374,,,0
H2,2004,2004,2004,2,0,1,Import,156,China,CHN,0,World,WLD,,,,,,,,90,"Optical, photographic, cinematographic, measuring, checking, precision, med ...",1,No Quantity,,,,,,,40147011598,,,0
H2,2002,2002,2002,2,0,1,Import,156,China,CHN,0,World,WLD,,,,,,,,91,Clocks and watches and parts thereof,1,No Quantity,,,,,,,837150299,,,0
H2,2003,2003,2003,2,0,1,Import,156,China,CHN,0,World,WLD,,,,,,,,91,Clocks and watches and parts thereof,1,No Quantity,,,,,,,938204450,,,0
H2,2004,2004,2004,2,0,1,Import,156,China,CHN,0,World,WLD,,,,,,,,91,Clocks and watches and parts thereof,1,No Quantity,,,,,,,1063624227,,,0
H2,2002,2002,2002,2,0,1,Import,156,China,CHN,0,World,WLD,,,,,,,,92,Musical instruments; parts and accessories of such articles,1,No Quantity,,,,,,,104673330,,,0
H2,2003,2003,2003,2,0,1,Import,156,China,CHN,0,World,WLD,,,,,,,,92,Musical instruments; parts and accessories of such articles,1,No Quantity,,,,,,,100205649,,,0
H2,2004,2004,2004,2,0,1,Import,156,China,CHN,0,World,WLD,,,,,,,,92,Musical instruments; parts and accessories of such articles,1,No Quantity,,,,,,,123874364,,,0
H2,2002,2002,2002,2,0,1,Import,156,China,CHN,0,World,WLD,,,,,,,,93,Arms and ammunition; parts and accessories thereof,1,No Quantity,,,,,,,4064437,,,0
H2,2003,2003,2003,2,0,1,Import,156,China,CHN,0,World,WLD,,,,,,,,93,Arms and ammunition; parts and accessories thereof,1,No Quantity,,,,,,,2614568,,,0
H2,2004,2004,2004,2,0,1,Import,156,China,CHN,0,World,WLD,,,,,,,,93,Arms and ammunition; parts and accessories thereof,1,No Quantity,,,,,,,2824871,,,0
H2,2002,2002,2002,2,0,1,Import,156,China,CHN,0,World,WLD,,,,,,,,94,"Furniture; bedding, mattresses, cushions and similar stuffed furnishing",1,No Quantity,,,,,,,404025813,,,0
H2,2003,2003,2003,2,0,1,Import,156,China,CHN,0,World,WLD,,,,,,,,94,"Furniture; bedding, mattresses, cushions and similar stuffed furnishing",1,No Quantity,,,,,,,660164651,,,0
H2,2004,2004,2004,2,0,1,Import,156,China,CHN,0,World,WLD,,,,,,,,94,"Furniture; bedding, mattresses, cushions and similar stuffed furnishing",1,No Quantity,,,,,,,852661860,,,0
H2,2002,2002,2002,2,0,1,Import,156,China,CHN,0,World,WLD,,,,,,,,95,"Toys, games and sports requisites; parts and accessories thereof",1,No Quantity,,,,,,,353223536,,,0
H2,2003,2003,2003,2,0,1,Import,156,China,CHN,0,World,WLD,,,,,,,,95,"Toys, games and sports requisites; parts and accessories thereof",1,No Quantity,,,,,,,444732360,,,0
H2,2004,2004,2004,2,0,1,Import,156,China,CHN,0,World,WLD,,,,,,,,95,"Toys, games and sports requisites; parts and accessories thereof",1,No Quantity,,,,,,,490090283,,,0
H2,2002,2002,2002,2,0,1,Import,156,China,CHN,0,World,WLD,,,,,,,,96,Miscellaneous manufactured articles,1,No Quantity,,,,,,,385912012,,,0
H2,2003,2003,2003,2,0,1,Import,156,China,CHN,0,World,WLD,,,,,,,,96,Miscellaneous manufactured articles,1,No Quantity,,,,,,,485830675,,,0
H2,2004,2004,2004,2,0,1,Import,156,China,CHN,0,World,WLD,,,,,,,,96,Miscellaneous manufactured articles,1,No Quantity,,,,,,,615713379,,,0
H2,2002,2002,2002,2,0,1,Import,156,China,CHN,0,World,WLD,,,,,,,,97,"Works of art, collectors' pieces and antiques",1,No Quantity,,,,,,,4633350,,,0
H2,2003,2003,2003,2,0,1,Import,156,China,CHN,0,World,WLD,,,,,,,,97,"Works of art, collectors' pieces and antiques",1,No Quantity,,,,,,,5717282,,,0
H2,2004,2004,2004,2,0,1,Import,156,China,CHN,0,World,WLD,,,,,,,,97,"Works of art, collectors' pieces and antiques",1,No Quantity,,,,,,,6547805,,,0
H2,2002,2002,2002,2,0,1,Import,156,China,CHN,0,World,WLD,,,,,,,,99,Commodities not specified according to kind,1,No Quantity,,,,,,,1563039326,,,0
H2,2003,2003,2003,2,0,1,Import,156,China,CHN,0,World,WLD,,,,,,,,99,Commodities not specified according to kind,1,No Quantity,,,,,,,1265425719,,,0
H2,2004,2004,2004,2,0,1,Import,156,China,CHN,0,World,WLD,,,,,,,,99,Commodities not specified according to kind,1,No Quantity,,,,,,,1528031037,,,0
H1,2000,2000,2000,2,0,1,Import,156,China,CHN,0,World,WLD,,,,,,,,01,Live animals,1,No Quantity,,,,,,,52283509,,,0
H1,2000,2000,2000,2,0,1,Import,156,China,CHN,0,World,WLD,,,,,,,,02,Meat and edible meat offal,1,No Quantity,,,,,,,636989252,,,0
H1,2000,2000,2000,2,0,1,Import,156,China,CHN,0,World,WLD,,,,,,,,03,"Fish, crustaceans, molluscs, aquatic invertebrates nes",1,No Quantity,,,,,,,1212282896,,,0
H1,2000,2000,2000,2,0,1,Import,156,China,CHN,0,World,WLD,,,,,,,,04,"Dairy products, eggs, honey, edible animal product nes",1,No Quantity,,,,,,,217883525,,,0
H1,2000,2000,2000,2,0,1,Import,156,China,CHN,0,World,WLD,,,,,,,,05,"Products of animal origin, nes",1,No Quantity,,,,,,,157959189,,,0
H1,2000,2000,2000,2,0,1,Import,156,China,CHN,0,World,WLD,,,,,,,,06,"Live trees, plants, bulbs, roots, cut flowers etc",1,No Quantity,,,,,,,20695557,,,0
H1,2000,2000,2000,2,0,1,Import,156,China,CHN,0,World,WLD,,,,,,,,07,Edible vegetables and certain roots and tubers,1,No Quantity,,,,,,,81801719,,,0
H1,2000,2000,2000,2,0,1,Import,156,China,CHN,0,World,WLD,,,,,,,,08,"Edible fruit, nuts, peel of citrus fruit, melons",1,No Quantity,,,,,,,368412597,,,0
H1,2000,2000,2000,2,0,1,Import,156,China,CHN,0,World,WLD,,,,,,,,09,"Coffee, tea, mate and spices",1,No Quantity,,,,,,,22764221,,,0
H1,2000,2000,2000,2,0,1,Import,156,China,CHN,0,World,WLD,,,,,,,,10,Cereals,1,No Quantity,,,,,,,574065407,,,0
H1,2000,2000,2000,2,0,1,Import,156,China,CHN,0,World,WLD,,,,,,,,11,"Milling products, malt, starches, inulin, wheat gluten",1,No Quantity,,,,,,,63640447,,,0
H1,2000,2000,2000,2,0,1,Import,156,China,CHN,0,World,WLD,,,,,,,,12,"Oil seed, oleagic fruits, grain, seed, fruit, etc, nes",1,No Quantity,,,,,,,3071926272,,,0
H1,2000,2000,2000,2,0,1,Import,156,China,CHN,0,World,WLD,,,,,,,,13,"Lac, gums, resins, vegetable saps and extracts nes",1,No Quantity,,,,,,,34244405,,,0
H1,2000,2000,2000,2,0,1,Import,156,China,CHN,0,World,WLD,,,,,,,,14,"Vegetable plaiting materials, vegetable products nes",1,No Quantity,,,,,,,83233401,,,0
H1,2000,2000,2000,2,0,1,Import,156,China,CHN,0,World,WLD,,,,,,,,15,"Animal,vegetable fats and oils, cleavage products, etc",1,No Quantity,,,,,,,1022741814,,,0
H1,2000,2000,2000,2,0,1,Import,156,China,CHN,0,World,WLD,,,,,,,,16,"Meat, fish and seafood food preparations nes",1,No Quantity,,,,,,,12168138,,,0
H1,2000,2000,2000,2,0,1,Import,156,China,CHN,0,World,WLD,,,,,,,,17,Sugars and sugar confectionery,1,No Quantity,,,,,,,177192796,,,0
H1,2000,2000,2000,2,0,1,Import,156,China,CHN,0,World,WLD,,,,,,,,18,Cocoa and cocoa preparations,1,No Quantity,,,,,,,70752070,,,0
H1,2000,2000,2000,2,0,1,Import,156,China,CHN,0,World,WLD,,,,,,,,19,"Cereal, flour, starch, milk preparations and products",1,No Quantity,,,,,,,71253938,,,0
H1,2000,2000,2000,2,0,1,Import,156,China,CHN,0,World,WLD,,,,,,,,20,"Vegetable, fruit, nut, etc food preparations",1,No Quantity,,,,,,,59778192,,,0
H1,2000,2000,2000,2,0,1,Import,156,China,CHN,0,World,WLD,,,,,,,,21,Miscellaneous edible preparations,1,No Quantity,,,,,,,146608131,,,0
H1,2000,2000,2000,2,0,1,Import,156,China,CHN,0,World,WLD,,,,,,,,22,"Beverages, spirits and vinegar",1,No Quantity,,,,,,,161472638,,,0
H1,2000,2000,2000,2,0,1,Import,156,China,CHN,0,World,WLD,,,,,,,,23,"Residues, wastes of food industry, animal fodder",1,No Quantity,,,,,,,906846530,,,0
H1,2000,2000,2000,2,0,1,Import,156,China,CHN,0,World,WLD,,,,,,,,24,Tobacco and manufactured tobacco substitutes,1,No Quantity,,,,,,,204445257,,,0
H1,2000,2000,2000,2,0,1,Import,156,China,CHN,0,World,WLD,,,,,,,,25,"Salt, sulphur, earth, stone, plaster, lime and cement",1,No Quantity,,,,,,,707147008,,,0
H1,2000,2000,2000,2,0,1,Import,156,China,CHN,0,World,WLD,,,,,,,,26,"Ores, slag and ash",1,No Quantity,,,,,,,3133857474,,,0
H1,2000,2000,2000,2,0,1,Import,156,China,CHN,0,World,WLD,,,,,,,,27,"Mineral fuels, oils, distillation products, etc",1,No Quantity,,,,,,,20680946212,,,0
H1,2000,2000,2000,2,0,1,Import,156,China,CHN,0,World,WLD,,,,,,,,28,"Inorganic chemicals, precious metal compound, isotopes",1,No Quantity,,,,,,,1529753205,,,0
H1,2000,2000,2000,2,0,1,Import,156,China,CHN,0,World,WLD,,,,,,,,29,Organic chemicals,1,No Quantity,,,,,,,8327118874,,,0
H1,2000,2000,2000,2,0,1,Import,156,China,CHN,0,World,WLD,,,,,,,,30,Pharmaceutical products,1,No Quantity,,,,,,,799059742,,,0
H1,2000,2000,2000,2,0,1,Import,156,China,CHN,0,World,WLD,,,,,,,,31,Fertilizers,1,No Quantity,,,,,,,1730061100,,,0
H1,2000,2000,2000,2,0,1,Import,156,China,CHN,0,World,WLD,,,,,,,,32,"Tanning, dyeing extracts, tannins, derivs,pigments etc",1,No Quantity,,,,,,,1654489638,,,0
H1,2000,2000,2000,2,0,1,Import,156,China,CHN,0,World,WLD,,,,,,,,33,"Essential oils, perfumes, cosmetics, toileteries",1,No Quantity,,,,,,,160408818,,,0
H1,2000,2000,2000,2,0,1,Import,156,China,CHN,0,World,WLD,,,,,,,,34,"Soaps, lubricants, waxes, candles, modelling pastes",1,No Quantity,,,,,,,397337342,,,0
H1,2000,2000,2000,2,0,1,Import,156,China,CHN,0,World,WLD,,,,,,,,35,"Albuminoids, modified starches, glues, enzymes",1,No Quantity,,,,,,,445839745,,,0
H1,2000,2000,2000,2,0,1,Import,156,China,CHN,0,World,WLD,,,,,,,,36,"Explosives, pyrotechnics, matches, pyrophorics, etc",1,No Quantity,,,,,,,2333763,,,0
H1,2000,2000,2000,2,0,1,Import,156,China,CHN,0,World,WLD,,,,,,,,37,Photographic or cinematographic goods,1,No Quantity,,,,,,,520041970,,,0
H1,2000,2000,2000,2,0,1,Import,156,China,CHN,0,World,WLD,,,,,,,,38,Miscellaneous chemical products,1,No Quantity,,,,,,,2533298661,,,0
H1,2000,2000,2000,2,0,1,Import,156,China,CHN,0,World,WLD,,,,,,,,39,Plastics and articles thereof,1,No Quantity,,,,,,,14456149250,,,0
H1,2000,2000,2000,2,0,1,Import,156,China,CHN,0,World,WLD,,,,,,,,40,Rubber and articles thereof,1,No Quantity,,,,,,,1905744376,,,0
H1,2000,2000,2000,2,0,1,Import,156,China,CHN,0,World,WLD,,,,,,,,41,Raw hides and skins (other than furskins) and leather,1,No Quantity,,,,,,,2954602461,,,0
H1,2000,2000,2000,2,0,1,Import,156,China,CHN,0,World,WLD,,,,,,,,42,"Articles of leather, animal gut, harness, travel goods",1,No Quantity,,,,,,,54354528,,,0
H1,2000,2000,2000,2,0,1,Import,156,China,CHN,0,World,WLD,,,,,,,,43,"Furskins and artificial fur, manufactures thereof",1,No Quantity,,,,,,,175668055,,,0
H1,2000,2000,2000,2,0,1,Import,156,China,CHN,0,World,WLD,,,,,,,,44,"Wood and articles of wood, wood charcoal",1,No Quantity,,,,,,,3715893589,,,0
H1,2000,2000,2000,2,0,1,Import,156,China,CHN,0,World,WLD,,,,,,,,45,Cork and articles of cork,1,No Quantity,,,,,,,16950905,,,0
H1,2000,2000,2000,2,0,1,Import,156,China,CHN,0,World,WLD,,,,,,,,46,"Manufactures of plaiting material, basketwork, etc.",1,No Quantity,,,,,,,6999492,,,0
H1,2000,2000,2000,2,0,1,Import,156,China,CHN,0,World,WLD,,,,,,,,47,"Pulp of wood, fibrous cellulosic material, waste etc",1,No Quantity,,,,,,,2677912820,,,0
H1,2000,2000,2000,2,0,1,Import,156,China,CHN,0,World,WLD,,,,,,,,48,"Paper & paperboard, articles of pulp, paper and board",1,No Quantity,,,,,,,3963170925,,,0
H1,2000,2000,2000,2,0,1,Import,156,China,CHN,0,World,WLD,,,,,,,,49,"Printed books, newspapers, pictures etc",1,No Quantity,,,,,,,320684093,,,0
H1,2000,2000,2000,2,0,1,Import,156,China,CHN,0,World,WLD,,,,,,,,50,Silk,1,No Quantity,,,,,,,137629315,,,0
H1,2000,2000,2000,2,0,1,Import,156,China,CHN,0,World,WLD,,,,,,,,51,"Wool, animal hair, horsehair yarn and fabric thereof",1,No Quantity,,,,,,,1831381296,,,0
H1,2000,2000,2000,2,0,1,Import,156,China,CHN,0,World,WLD,,,,,,,,52,Cotton,1,No Quantity,,,,,,,2788604586,,,0
H1,2000,2000,2000,2,0,1,Import,156,China,CHN,0,World,WLD,,,,,,,,53,"Vegetable textile fibres nes, paper yarn, woven fabric",1,No Quantity,,,,,,,273962110,,,0
H1,2000,2000,2000,2,0,1,Import,156,China,CHN,0,World,WLD,,,,,,,,54,Manmade filaments,1,No Quantity,,,,,,,3641742647,,,0
H1,2000,2000,2000,2,0,1,Import,156,China,CHN,0,World,WLD,,,,,,,,55,Manmade staple fibres,1,No Quantity,,,,,,,3110503969,,,0
H1,2000,2000,2000,2,0,1,Import,156,China,CHN,0,World,WLD,,,,,,,,56,"Wadding, felt, nonwovens, yarns, twine, cordage, etc",1,No Quantity,,,,,,,393537475,,,0
H1,2000,2000,2000,2,0,1,Import,156,China,CHN,0,World,WLD,,,,,,,,57,Carpets and other textile floor coverings,1,No Quantity,,,,,,,25596152,,,0
H1,2000,2000,2000,2,0,1,Import,156,China,CHN,0,World,WLD,,,,,,,,58,"Special woven or tufted fabric, lace, tapestry etc",1,No Quantity,,,,,,,670512893,,,0
H1,2000,2000,2000,2,0,1,Import,156,China,CHN,0,World,WLD,,,,,,,,59,"Impregnated, coated or laminated textile fabric",1,No Quantity,,,,,,,1183022673,,,0
H1,2000,2000,2000,2,0,1,Import,156,China,CHN,0,World,WLD,,,,,,,,60,Knitted or crocheted fabric,1,No Quantity,,,,,,,1338960698,,,0
H1,2000,2000,2000,2,0,1,Import,156,China,CHN,0,World,WLD,,,,,,,,61,"Articles of apparel, accessories, knit or crochet",1,No Quantity,,,,,,,383319379,,,0
H1,2000,2000,2000,2,0,1,Import,156,China,CHN,0,World,WLD,,,,,,,,62,"Articles of apparel, accessories, not knit or crochet",1,No Quantity,,,,,,,751847875,,,0
H1,2000,2000,2000,2,0,1,Import,156,China,CHN,0,World,WLD,,,,,,,,63,"Other made textile articles, sets, worn clothing etc",1,No Quantity,,,,,,,33859869,,,0
H1,2000,2000,2000,2,0,1,Import,156,China,CHN,0,World,WLD,,,,,,,,64,"Footwear, gaiters and the like, parts thereof",1,No Quantity,,,,,,,320472454,,,0
H1,2000,2000,2000,2,0,1,Import,156,China,CHN,0,World,WLD,,,,,,,,65,Headgear and parts thereof,1,No Quantity,,,,,,,7026997,,,0
H1,2000,2000,2000,2,0,1,Import,156,China,CHN,0,World,WLD,,,,,,,,66,"Umbrellas, walking-sticks, seat-sticks, whips, etc",1,No Quantity,,,,,,,18887970,,,0
H1,2000,2000,2000,2,0,1,Import,156,China,CHN,0,World,WLD,,,,,,,,67,"Bird skin, feathers, artificial flowers, human hair",1,No Quantity,,,,,,,62812361,,,0
H1,2000,2000,2000,2,0,1,Import,156,China,CHN,0,World,WLD,,,,,,,,68,"Stone, plaster, cement, asbestos, mica, etc articles",1,No Quantity,,,,,,,245178686,,,0
H1,2000,2000,2000,2,0,1,Import,156,China,CHN,0,World,WLD,,,,,,,,69,Ceramic products,1,No Quantity,,,,,,,126175686,,,0
H1,2000,2000,2000,2,0,1,Import,156,China,CHN,0,World,WLD,,,,,,,,70,Glass and glassware,1,No Quantity,,,,,,,1408948169,,,0
H1,2000,2000,2000,2,0,1,Import,156,China,CHN,0,World,WLD,,,,,,,,71,"Pearls, precious stones, metals, coins, etc",1,No Quantity,,,,,,,1019712632,,,0
H1,2000,2000,2000,2,0,1,Import,156,China,CHN,0,World,WLD,,,,,,,,72,Iron and steel,1,No Quantity,,,,,,,9569433479,,,0
H1,2000,2000,2000,2,0,1,Import,156,China,CHN,0,World,WLD,,,,,,,,73,Articles of iron or steel,1,No Quantity,,,,,,,1690251995,,,0
H1,2000,2000,2000,2,0,1,Import,156,China,CHN,0,World,WLD,,,,,,,,74,Copper and articles thereof,1,No Quantity,,,,,,,4659918410,,,0
H1,2000,2000,2000,2,0,1,Import,156,China,CHN,0,World,WLD,,,,,,,,75,Nickel and articles thereof,1,No Quantity,,,,,,,226917854,,,0
H1,2000,2000,2000,2,0,1,Import,156,China,CHN,0,World,WLD,,,,,,,,76,Aluminium and articles thereof,1,No Quantity,,,,,,,3212712951,,,0
H1,2000,2000,2000,2,0,1,Import,156,China,CHN,0,World,WLD,,,,,,,,78,Lead and articles thereof,1,No Quantity,,,,,,,17191661,,,0
H1,2000,2000,2000,2,0,1,Import,156,China,CHN,0,World,WLD,,,,,,,,79,Zinc and articles thereof,1,No Quantity,,,,,,,223615778,,,0
H1,2000,2000,2000,2,0,1,Import,156,China,CHN,0,World,WLD,,,,,,,,80,Tin and articles thereof,1,No Quantity,,,,,,,93332649,,,0
H1,2000,2000,2000,2,0,1,Import,156,China,CHN,0,World,WLD,,,,,,,,81,"Other base metals, cermets, articles thereof",1,No Quantity,,,,,,,159520791,,,0
H1,2000,2000,2000,2,0,1,Import,156,China,CHN,0,World,WLD,,,,,,,,82,"Tools, implements, cutlery, etc of base metal",1,No Quantity,,,,,,,387353456,,,0
H1,2000,2000,2000,2,0,1,Import,156,China,CHN,0,World,WLD,,,,,,,,83,Miscellaneous articles of base metal,1,No Quantity,,,,,,,370547567,,,0
H1,2000,2000,2000,2,0,1,Import,156,China,CHN,0,World,WLD,,,,,,,,84,"Nuclear reactors, boilers, machinery, etc",1,No Quantity,,,,,,,34433525569,,,0
H1,2000,2000,2000,2,0,1,Import,156,China,CHN,0,World,WLD,,,,,,,,85,"Electrical, electronic equipment",1,No Quantity,,,,,,,50743879416,,,0
H1,2000,2000,2000,2,0,1,Import,156,China,CHN,0,World,WLD,,,,,,,,86,"Railway, tramway locomotives, rolling stock, equipment",1,No Quantity,,,,,,,257537049,,,0
H1,2000,2000,2000,2,0,1,Import,156,China,CHN,0,World,WLD,,,,,,,,87,"Vehicles other than railway, tramway",1,No Quantity,,,,,,,3612119324,,,0
H1,2000,2000,2000,2,0,1,Import,156,China,CHN,0,World,WLD,,,,,,,,88,"Aircraft, spacecraft, and parts thereof",1,No Quantity,,,,,,,2171467259,,,0
H1,2000,2000,2000,2,0,1,Import,156,China,CHN,0,World,WLD,,,,,,,,89,"Ships, boats and other floating structures",1,No Quantity,,,,,,,336437831,,,0
H1,2000,2000,2000,2,0,1,Import,156,China,CHN,0,World,WLD,,,,,,,,90,"Optical, photo, technical, medical, etc apparatus",1,No Quantity,,,,,,,7277246169,,,0
H1,2000,2000,2000,2,0,1,Import,156,China,CHN,0,World,WLD,,,,,,,,91,Clocks and watches and parts thereof,1,No Quantity,,,,,,,826042724,,,0
H1,2000,2000,2000,2,0,1,Import,156,China,CHN,0,World,WLD,,,,,,,,92,"Musical instruments, parts and accessories",1,No Quantity,,,,,,,87390363,,,0
H1,2000,2000,2000,2,0,1,Import,156,China,CHN,0,World,WLD,,,,,,,,93,"Arms and ammunition, parts and accessories thereof",1,No Quantity,,,,,,,3837623,,,0
H1,2000,2000,2000,2,0,1,Import,156,China,CHN,0,World,WLD,,,,,,,,94,"Furniture, lighting, signs, prefabricated buildings",1,No Quantity,,,,,,,253994683,,,0
H1,2000,2000,2000,2,0,1,Import,156,China,CHN,0,World,WLD,,,,,,,,95,"Toys, games, sports requisites",1,No Quantity,,,,,,,226404337,,,0
H1,2000,2000,2000,2,0,1,Import,156,China,CHN,0,World,WLD,,,,,,,,96,Miscellaneous manufactured articles,1,No Quantity,,,,,,,447067565,,,0
H1,2000,2000,2000,2,0,1,Import,156,China,CHN,0,World,WLD,,,,,,,,97,"Works of art, collectors pieces and antiques",1,No Quantity,,,,,,,7894263,,,0
H1,2000,2000,2000,2,0,1,Import,156,China,CHN,0,World,WLD,,,,,,,,99,Commodities not elsewhere specified,1,No Quantity,,,,,,,1723128425,,,0
H1,2001,2001,2001,2,0,1,Import,156,China,CHN,0,World,WLD,,,,,,,,01,Live animals,1,No Quantity,,,,,,,34830363,,,0
H1,2001,2001,2001,2,0,1,Import,156,China,CHN,0,World,WLD,,,,,,,,02,Meat and edible meat offal,1,No Quantity,,,,,,,598013009,,,0
H1,2001,2001,2001,2,0,1,Import,156,China,CHN,0,World,WLD,,,,,,,,03,"Fish, crustaceans, molluscs, aquatic invertebrates nes",1,No Quantity,,,,,,,1330929115,,,0
H1,2001,2001,2001,2,0,1,Import,156,China,CHN,0,World,WLD,,,,,,,,04,"Dairy products, eggs, honey, edible animal product nes",1,No Quantity,,,,,,,218891973,,,0
H1,2001,2001,2001,2,0,1,Import,156,China,CHN,0,World,WLD,,,,,,,,05,"Products of animal origin, nes",1,No Quantity,,,,,,,172826626,,,0
H1,2001,2001,2001,2,0,1,Import,156,China,CHN,0,World,WLD,,,,,,,,06,"Live trees, plants, bulbs, roots, cut flowers etc",1,No Quantity,,,,,,,22144640,,,0
H1,2001,2001,2001,2,0,1,Import,156,China,CHN,0,World,WLD,,,,,,,,07,Edible vegetables and certain roots and tubers,1,No Quantity,,,,,,,209710938,,,0
H1,2001,2001,2001,2,0,1,Import,156,China,CHN,0,World,WLD,,,,,,,,08,"Edible fruit, nuts, peel of citrus fruit, melons",1,No Quantity,,,,,,,367034884,,,0
H1,2001,2001,2001,2,0,1,Import,156,China,CHN,0,World,WLD,,,,,,,,09,"Coffee, tea, mate and spices",1,No Quantity,,,,,,,21324809,,,0
H1,2001,2001,2001,2,0,1,Import,156,China,CHN,0,World,WLD,,,,,,,,10,Cereals,1,No Quantity,,,,,,,607387701,,,0
H1,2001,2001,2001,2,0,1,Import,156,China,CHN,0,World,WLD,,,,,,,,11,"Milling products, malt, starches, inulin, wheat gluten",1,No Quantity,,,,,,,80702620,,,0
H1,2001,2001,2001,2,0,1,Import,156,China,CHN,0,World,WLD,,,,,,,,12,"Oil seed, oleagic fruits, grain, seed, fruit, etc, nes",1,No Quantity,,,,,,,3343987867,,,0
H1,2001,2001,2001,2,0,1,Import,156,China,CHN,0,World,WLD,,,,,,,,13,"Lac, gums, resins, vegetable saps and extracts nes",1,No Quantity,,,,,,,31611300,,,0
H1,2001,2001,2001,2,0,1,Import,156,China,CHN,0,World,WLD,,,,,,,,14,"Vegetable plaiting materials, vegetable products nes",1,No Quantity,,,,,,,64822074,,,0
H1,2001,2001,2001,2,0,1,Import,156,China,CHN,0,World,WLD,,,,,,,,15,"Animal,vegetable fats and oils, cleavage products, etc",1,No Quantity,,,,,,,775750303,,,0
H1,2001,2001,2001,2,0,1,Import,156,China,CHN,0,World,WLD,,,,,,,,16,"Meat, fish and seafood food preparations nes",1,No Quantity,,,,,,,14408359,,,0
H1,2001,2001,2001,2,0,1,Import,156,China,CHN,0,World,WLD,,,,,,,,17,Sugars and sugar confectionery,1,No Quantity,,,,,,,376214771,,,0
H1,2001,2001,2001,2,0,1,Import,156,China,CHN,0,World,WLD,,,,,,,,18,Cocoa and cocoa preparations,1,No Quantity,,,,,,,80249885,,,0
H1,2001,2001,2001,2,0,1,Import,156,China,CHN,0,World,WLD,,,,,,,,19,"Cereal, flour, starch, milk preparations and products",1,No Quantity,,,,,,,93217464,,,0
H1,2001,2001,2001,2,0,1,Import,156,China,CHN,0,World,WLD,,,,,,,,20,"Vegetable, fruit, nut, etc food preparations",1,No Quantity,,,,,,,85186516,,,0
H1,2001,2001,2001,2,0,1,Import,156,China,CHN,0,World,WLD,,,,,,,,21,Miscellaneous edible preparations,1,No Quantity,,,,,,,181590054,,,0
H1,2001,2001,2001,2,0,1,Import,156,China,CHN,0,World,WLD,,,,,,,,22,"Beverages, spirits and vinegar",1,No Quantity,,,,,,,146204770,,,0
H1,2001,2001,2001,2,0,1,Import,156,China,CHN,0,World,WLD,,,,,,,,23,"Residues, wastes of food industry, animal fodder",1,No Quantity,,,,,,,638870551,,,0
H1,2001,2001,2001,2,0,1,Import,156,China,CHN,0,World,WLD,,,,,,,,24,Tobacco and manufactured tobacco substitutes,1,No Quantity,,,,,,,267553509,,,0
H1,2001,2001,2001,2,0,1,Import,156,China,CHN,0,World,WLD,,,,,,,,25,"Salt, sulphur, earth, stone, plaster, lime and cement",1,No Quantity,,,,,,,782018383,,,0
H1,2001,2001,2001,2,0,1,Import,156,China,CHN,0,World,WLD,,,,,,,,26,"Ores, slag and ash",1,No Quantity,,,,,,,4175734429,,,0
H1,2001,2001,2001,2,0,1,Import,156,China,CHN,0,World,WLD,,,,,,,,27,"Mineral fuels, oils, distillation products, etc",1,No Quantity,,,,,,,17516515040,,,0
H1,2001,2001,2001,2,0,1,Import,156,China,CHN,0,World,WLD,,,,,,,,28,"Inorganic chemicals, precious metal compound, isotopes",1,No Quantity,,,,,,,1643984298,,,0
H1,2001,2001,2001,2,0,1,Import,156,China,CHN,0,World,WLD,,,,,,,,29,Organic chemicals,1,No Quantity,,,,,,,8975876881,,,0
H1,2001,2001,2001,2,0,1,Import,156,China,CHN,0,World,WLD,,,,,,,,30,Pharmaceutical products,1,No Quantity,,,,,,,986162037,,,0
H1,2001,2001,2001,2,0,1,Import,156,China,CHN,0,World,WLD,,,,,,,,31,Fertilizers,1,No Quantity,,,,,,,1556356938,,,0
H1,2001,2001,2001,2,0,1,Import,156,China,CHN,0,World,WLD,,,,,,,,32,"Tanning, dyeing extracts, tannins, derivs,pigments etc",1,No Quantity,,,,,,,1786681905,,,0
H1,2001,2001,2001,2,0,1,Import,156,China,CHN,0,World,WLD,,,,,,,,33,"Essential oils, perfumes, cosmetics, toileteries",1,No Quantity,,,,,,,175895527,,,0
H1,2001,2001,2001,2,0,1,Import,156,China,CHN,0,World,WLD,,,,,,,,34,"Soaps, lubricants, waxes, candles, modelling pastes",1,No Quantity,,,,,,,451862403,,,0
H1,2001,2001,2001,2,0,1,Import,156,China,CHN,0,World,WLD,,,,,,,,35,"Albuminoids, modified starches, glues, enzymes",1,No Quantity,,,,,,,443248761,,,0
H1,2001,2001,2001,2,0,1,Import,156,China,CHN,0,World,WLD,,,,,,,,36,"Explosives, pyrotechnics, matches, pyrophorics, etc",1,No Quantity,,,,,,,1972843,,,0
H1,2001,2001,2001,2,0,1,Import,156,China,CHN,0,World,WLD,,,,,,,,37,Photographic or cinematographic goods,1,No Quantity,,,,,,,459578006,,,0
H1,2001,2001,2001,2,0,1,Import,156,China,CHN,0,World,WLD,,,,,,,,38,Miscellaneous chemical products,1,No Quantity,,,,,,,2589463394,,,0
H1,2001,2001,2001,2,0,1,Import,156,China,CHN,0,World,WLD,,,,,,,,39,Plastics and articles thereof,1,No Quantity,,,,,,,15258513339,,,0
H1,2001,2001,2001,2,0,1,Import,156,China,CHN,0,World,WLD,,,,,,,,40,Rubber and articles thereof,1,No Quantity,,,,,,,2071075593,,,0
H1,2001,2001,2001,2,0,1,Import,156,China,CHN,0,World,WLD,,,,,,,,41,Raw hides and skins (other than furskins) and leather,1,No Quantity,,,,,,,3168499749,,,0
H1,2001,2001,2001,2,0,1,Import,156,China,CHN,0,World,WLD,,,,,,,,42,"Articles of leather, animal gut, harness, travel goods",1,No Quantity,,,,,,,83490473,,,0
H1,2001,2001,2001,2,0,1,Import,156,China,CHN,0,World,WLD,,,,,,,,43,"Furskins and artificial fur, manufactures thereof",1,No Quantity,,,,,,,186406361,,,0
H1,2001,2001,2001,2,0,1,Import,156,China,CHN,0,World,WLD,,,,,,,,44,"Wood and articles of wood, wood charcoal",1,No Quantity,,,,,,,3467759320,,,0
H1,2001,2001,2001,2,0,1,Import,156,China,CHN,0,World,WLD,,,,,,,,45,Cork and articles of cork,1,No Quantity,,,,,,,15811200,,,0
H1,2001,2001,2001,2,0,1,Import,156,China,CHN,0,World,WLD,,,,,,,,46,"Manufactures of plaiting material, basketwork, etc.",1,No Quantity,,,,,,,7873141,,,0
H1,2001,2001,2001,2,0,1,Import,156,China,CHN,0,World,WLD,,,,,,,,47,"Pulp of wood, fibrous cellulosic material, waste etc",1,No Quantity,,,,,,,2734548854,,,0
H1,2001,2001,2001,2,0,1,Import,156,China,CHN,0,World,WLD,,,,,,,,48,"Paper & paperboard, articles of pulp, paper and board",1,No Quantity,,,,,,,3649500145,,,0
H1,2001,2001,2001,2,0,1,Import,156,China,CHN,0,World,WLD,,,,,,,,49,"Printed books, newspapers, pictures etc",1,No Quantity,,,,,,,373848830,,,0
H1,2001,2001,2001,2,0,1,Import,156,China,CHN,0,World,WLD,,,,,,,,50,Silk,1,No Quantity,,,,,,,111438497,,,0
H1,2001,2001,2001,2,0,1,Import,156,China,CHN,0,World,WLD,,,,,,,,51,"Wool, animal hair, horsehair yarn and fabric thereof",1,No Quantity,,,,,,,1896988307,,,0
H1,2001,2001,2001,2,0,1,Import,156,China,CHN,0,World,WLD,,,,,,,,52,Cotton,1,No Quantity,,,,,,,2941330101,,,0
H1,2001,2001,2001,2,0,1,Import,156,China,CHN,0,World,WLD,,,,,,,,53,"Vegetable textile fibres nes, paper yarn, woven fabric",1,No Quantity,,,,,,,268463214,,,0
H1,2001,2001,2001,2,0,1,Import,156,China,CHN,0,World,WLD,,,,,,,,54,Manmade filaments,1,No Quantity,,,,,,,3330170236,,,0
H1,2001,2001,2001,2,0,1,Import,156,China,CHN,0,World,WLD,,,,,,,,55,Manmade staple fibres,1,No Quantity,,,,,,,2931721399,,,0
H1,2001,2001,2001,2,0,1,Import,156,China,CHN,0,World,WLD,,,,,,,,56,"Wadding, felt, nonwovens, yarns, twine, cordage, etc",1,No Quantity,,,,,,,400846169,,,0
H1,2001,2001,2001,2,0,1,Import,156,China,CHN,0,World,WLD,,,,,,,,57,Carpets and other textile floor coverings,1,No Quantity,,,,,,,33091438,,,0
H1,2001,2001,2001,2,0,1,Import,156,China,CHN,0,World,WLD,,,,,,,,58,"Special woven or tufted fabric, lace, tapestry etc",1,No Quantity,,,,,,,610092481,,,0
H1,2001,2001,2001,2,0,1,Import,156,China,CHN,0,World,WLD,,,,,,,,59,"Impregnated, coated or laminated textile fabric",1,No Quantity,,,,,,,1150721556,,,0
H1,2001,2001,2001,2,0,1,Import,156,China,CHN,0,World,WLD,,,,,,,,60,Knitted or crocheted fabric,1,No Quantity,,,,,,,1336449980,,,0
H1,2001,2001,2001,2,0,1,Import,156,China,CHN,0,World,WLD,,,,,,,,61,"Articles of apparel, accessories, knit or crochet",1,No Quantity,,,,,,,475351569,,,0
H1,2001,2001,2001,2,0,1,Import,156,China,CHN,0,World,WLD,,,,,,,,62,"Articles of apparel, accessories, not knit or crochet",1,No Quantity,,,,,,,738724501,,,0
H1,2001,2001,2001,2,0,1,Import,156,China,CHN,0,World,WLD,,,,,,,,63,"Other made textile articles, sets, worn clothing etc",1,No Quantity,,,,,,,33230054,,,0
H1,2001,2001,2001,2,0,1,Import,156,China,CHN,0,World,WLD,,,,,,,,64,"Footwear, gaiters and the like, parts thereof",1,No Quantity,,,,,,,329569906,,,0
H1,2001,2001,2001,2,0,1,Import,156,China,CHN,0,World,WLD,,,,,,,,65,Headgear and parts thereof,1,No Quantity,,,,,,,6820310,,,0
H1,2001,2001,2001,2,0,1,Import,156,China,CHN,0,World,WLD,,,,,,,,66,"Umbrellas, walking-sticks, seat-sticks, whips, etc",1,No Quantity,,,,,,,16864449,,,0
H1,2001,2001,2001,2,0,1,Import,156,China,CHN,0,World,WLD,,,,,,,,67,"Bird skin, feathers, artificial flowers, human hair",1,No Quantity,,,,,,,76535410,,,0
H1,2001,2001,2001,2,0,1,Import,156,China,CHN,0,World,WLD,,,,,,,,68,"Stone, plaster, cement, asbestos, mica, etc articles",1,No Quantity,,,,,,,250340797,,,0
H1,2001,2001,2001,2,0,1,Import,156,China,CHN,0,World,WLD,,,,,,,,69,Ceramic products,1,No Quantity,,,,,,,159875851,,,0
H1,2001,2001,2001,2,0,1,Import,156,China,CHN,0,World,WLD,,,,,,,,70,Glass and glassware,1,No Quantity,,,,,,,1467535904,,,0
H1,2001,2001,2001,2,0,1,Import,156,China,CHN,0,World,WLD,,,,,,,,71,"Pearls, precious stones, metals, coins, etc",1,No Quantity,,,,,,,988025048,,,0
H1,2001,2001,2001,2,0,1,Import,156,China,CHN,0,World,WLD,,,,,,,,72,Iron and steel,1,No Quantity,,,,,,,10953900232,,,0
H1,2001,2001,2001,2,0,1,Import,156,China,CHN,0,World,WLD,,,,,,,,73,Articles of iron or steel,1,No Quantity,,,,,,,2083647279,,,0
H1,2001,2001,2001,2,0,1,Import,156,China,CHN,0,World,WLD,,,,,,,,74,Copper and articles thereof,1,No Quantity,,,,,,,4886829094,,,0
H1,2001,2001,2001,2,0,1,Import,156,China,CHN,0,World,WLD,,,,,,,,75,Nickel and articles thereof,1,No Quantity,,,,,,,366550427,,,0
H1,2001,2001,2001,2,0,1,Import,156,China,CHN,0,World,WLD,,,,,,,,76,Aluminium and articles thereof,1,No Quantity,,,,,,,2232692084,,,0
H1,2001,2001,2001,2,0,1,Import,156,China,CHN,0,World,WLD,,,,,,,,78,Lead and articles thereof,1,No Quantity,,,,,,,22130763,,,0
H1,2001,2001,2001,2,0,1,Import,156,China,CHN,0,World,WLD,,,,,,,,79,Zinc and articles thereof,1,No Quantity,,,,,,,238390162,,,0
H1,2001,2001,2001,2,0,1,Import,156,China,CHN,0,World,WLD,,,,,,,,80,Tin and articles thereof,1,No Quantity,,,,,,,97269312,,,0
H1,2001,2001,2001,2,0,1,Import,156,China,CHN,0,World,WLD,,,,,,,,81,"Other base metals, cermets, articles thereof",1,No Quantity,,,,,,,187354742,,,0
H1,2001,2001,2001,2,0,1,Import,156,China,CHN,0,World,WLD,,,,,,,,82,"Tools, implements, cutlery, etc of base metal",1,No Quantity,,,,,,,445896129,,,0
H1,2001,2001,2001,2,0,1,Import,156,China,CHN,0,World,WLD,,,,,,,,83,Miscellaneous articles of base metal,1,No Quantity,,,,,,,397910914,,,0
H1,2001,2001,2001,2,0,1,Import,156,China,CHN,0,World,WLD,,,,,,,,84,"Nuclear reactors, boilers, machinery, etc",1,No Quantity,,,,,,,40534480424,,,0
H1,2001,2001,2001,2,0,1,Import,156,China,CHN,0,World,WLD,,,,,,,,85,"Electrical, electronic equipment",1,No Quantity,,,,,,,55881166763,,,0
H1,2001,2001,2001,2,0,1,Import,156,China,CHN,0,World,WLD,,,,,,,,86,"Railway, tramway locomotives, rolling stock, equipment",1,No Quantity,,,,,,,242057157,,,0
H1,2001,2001,2001,2,0,1,Import,156,China,CHN,0,World,WLD,,,,,,,,87,"Vehicles other than railway, tramway",1,No Quantity,,,,,,,4531523354,,,0
H1,2001,2001,2001,2,0,1,Import,156,China,CHN,0,World,WLD,,,,,,,,88,"Aircraft, spacecraft, and parts thereof",1,No Quantity,,,,,,,4544993598,,,0
H1,2001,2001,2001,2,0,1,Import,156,China,CHN,0,World,WLD,,,,,,,,89,"Ships, boats and other floating structures",1,No Quantity,,,,,,,699157741,,,0
H1,2001,2001,2001,2,0,1,Import,156,China,CHN,0,World,WLD,,,,,,,,90,"Optical, photo, technical, medical, etc apparatus",1,No Quantity,,,,,,,9775005649,,,0
H1,2001,2001,2001,2,0,1,Import,156,China,CHN,0,World,WLD,,,,,,,,91,Clocks and watches and parts thereof,1,No Quantity,,,,,,,788854460,,,0
H1,2001,2001,2001,2,0,1,Import,156,China,CHN,0,World,WLD,,,,,,,,92,"Musical instruments, parts and accessories",1,No Quantity,,,,,,,90385907,,,0
H1,2001,2001,2001,2,0,1,Import,156,China,CHN,0,World,WLD,,,,,,,,93,"Arms and ammunition, parts and accessories thereof",1,No Quantity,,,,,,,6294177,,,0
H1,2001,2001,2001,2,0,1,Import,156,China,CHN,0,World,WLD,,,,,,,,94,"Furniture, lighting, signs, prefabricated buildings",1,No Quantity,,,,,,,321931867,,,0
H1,2001,2001,2001,2,0,1,Import,156,China,CHN,0,World,WLD,,,,,,,,95,"Toys, games, sports requisites",1,No Quantity,,,,,,,270271200,,,0
H1,2001,2001,2001,2,0,1,Import,156,China,CHN,0,World,WLD,,,,,,,,96,Miscellaneous manufactured articles,1,No Quantity,,,,,,,392062254,,,0
H1,2001,2001,2001,2,0,1,Import,156,China,CHN,0,World,WLD,,,,,,,,97,"Works of art, collectors pieces and antiques",1,No Quantity,,,,,,,6121065,,,0
H1,2001,2001,2001,2,0,1,Import,156,China,CHN,0,World,WLD,,,,,,,,99,Commodities not elsewhere specified,1,No Quantity,,,,,,,1675674736,,,0
